tool,count,mean,std,min,25%,50%,75%,max
nondex,17.0,580.4705882352941,1195.273092103174,0.0,0.0,0.0,280.0,3628.0
pytest-rerun,27.0,0.0,0.0,0.0,0.0,0.0,0.0,0.0
